Name,Age,Mobile,Email
test1,21,1234567890,test1@gmail.com,
newUser2,21,123456789,user@gmail.com
myNewUser,22,123456789,user@gmail.com,
newUser1,21,123456789,user@gmail.com,
newUser,22,123456789,user@gmail.com,
myUser,20,123456789,myUser@gmail.com,
TestUser,21,123456789,testUser@gmail.com,
Myuser,20,123456789,myuser@gmail.com,
TestinguserAcoount,20,123456789,testing@gmail.com,
TestUser1,20,123456789,test@gmail.com,
TestUser,21,123456789,testUser@gmail.com,
Testing2,22,123456789,test@gmail.com,
Testing1,21,123456789,testing1@gmail.com,
bingyan,16,12344444,bliu009@e.ntu.edu.sg,
bingyan,99,12345678,bingyan_test@gmail.com,
test5,13,12312312,test5@hotmail.com,
test4,22,123456789,test4@gmail.com,
test2,23,1234567890,test2@gmail.com,
test3,19,123456789,test3@gmail.com,
guestaccount,25,10101010,guestaccount@gmail.com,
